agent_id,resource_id
agent:5,Feeder_1
agent:11,Feeder_1
agent:17,Feeder_1
agent:23,Feeder_1
agent:29,Feeder_1
agent:35,Feeder_1
agent:41,Feeder_1
agent:47,Feeder_1
agent:53,Feeder_1
agent:59,Feeder_1
agent:65,Feeder_1
agent:71,Feeder_1
agent:77,Feeder_1
agent:83,Feeder_1
agent:89,Feeder_1
agent:95,Feeder_1
agent:101,Feeder_1
agent:107,Feeder_1
agent:113,Feeder_1
agent:119,Feeder_1
agent:125,Feeder_1
agent:131,Feeder_1
agent:137,Feeder_1
agent:143,Feeder_1
agent:149,Feeder_1
agent:159,Feeder_2
agent:165,Feeder_2
agent:171,Feeder_2
agent:177,Feeder_2
agent:183,Feeder_2
agent:189,Feeder_2
agent:195,Feeder_2
agent:201,Feeder_2
agent:207,Feeder_2
agent:213,Feeder_2
agent:219,Feeder_2
agent:225,Feeder_2
agent:231,Feeder_2
agent:237,Feeder_2
agent:243,Feeder_2
agent:249,Feeder_2
agent:255,Feeder_2
agent:261,Feeder_2
agent:267,Feeder_2
agent:273,Feeder_2
agent:279,Feeder_2
agent:285,Feeder_2
agent:291,Feeder_2
agent:297,Feeder_2
agent:303,Feeder_2
agent:313,Feeder_3
agent:319,Feeder_3
agent:325,Feeder_3
agent:331,Feeder_3
agent:337,Feeder_3
agent:343,Feeder_3
agent:349,Feeder_3
agent:355,Feeder_3
agent:361,Feeder_3
agent:367,Feeder_3
agent:373,Feeder_3
agent:379,Feeder_3
agent:385,Feeder_3
agent:391,Feeder_3
agent:397,Feeder_3
agent:403,Feeder_3
agent:409,Feeder_3
agent:415,Feeder_3
agent:421,Feeder_3
agent:427,Feeder_3
agent:433,Feeder_3
agent:439,Feeder_3
agent:445,Feeder_3
agent:451,Feeder_3
agent:457,Feeder_3
agent:467,Feeder_4
agent:473,Feeder_4
agent:479,Feeder_4
agent:485,Feeder_4
agent:491,Feeder_4
agent:497,Feeder_4
agent:503,Feeder_4
agent:509,Feeder_4
agent:515,Feeder_4
agent:521,Feeder_4
agent:527,Feeder_4
agent:533,Feeder_4
agent:539,Feeder_4
agent:545,Feeder_4
agent:551,Feeder_4
agent:557,Feeder_4
agent:563,Feeder_4
agent:569,Feeder_4
agent:575,Feeder_4
agent:581,Feeder_4
agent:587,Feeder_4
agent:593,Feeder_4
agent:599,Feeder_4
agent:605,Feeder_4
agent:611,Feeder_4
